{"cameraMode":{"drawMode":0,"name":"Shaded","section":"Shading Mode"},"sceneLighting":false,"audioPlay":false,"sceneViewState":{"m_AlwaysRefresh":false,"showFog":true,"showSkybox":false,"showFlares":true,"showImageEffects":true,"showParticleSystems":true,"showVisualEffectGraphs":true,"m_FxEnabled":true},"in2DMode":false,"pivot":{"x":9.378694534301758,"y":-1.7374649047851563,"z":-11.94888687133789},"rotation":{"x":-0.007686474360525608,"y":-0.9897665977478027,"z":0.12990280985832215,"w":-0.058565232902765277},"size":16.714540481567384,"orthographic":false}